id,name,keywords,seed,secondary,tertiary,neutral,variant,notes
p01,Tidewater Teal,water;calm;health;wellness;meditation;sleep,0xFF0F6B72,0xFF5A8F8B,0xFFC98B5B,0xFFF3F7F6,tonalSpot,Calm teal with warm sand accent
p02,Terracotta Clay,craft;food;artisan;warm;cafe;ceramics,0xFFB5533C,0xFF8A6E5A,0xFF5C7D63,0xFFF8F2EE,fidelity,Earth tones; avoid cream+serif cliche by using a sage tertiary
p03,Graphite Signal,fintech;pro;trading;dashboard;dark,0xFF2F3E46,0xFF52616B,0xFFE8A33D,0xFFF4F5F6,tonalSpot,Neutral base with single amber signal
p04,Meadow Green,fitness;habit;nature;eco;outdoor;garden,0xFF2E7D4F,0xFF6B8F71,0xFFE0B341,0xFFF2F7F2,vibrant,Fresh green with golden highlights
p05,Ink Indigo,education;books;focus;study;reading,0xFF2B3A8C,0xFF5B6AA8,0xFFD98E3A,0xFFF4F4F9,tonalSpot,Deep indigo; not default purple; warm amber tertiary
p06,Coral Pulse,social;dating;creative;energy;youth,0xFFE5533D,0xFFF29E4C,0xFF2A9D8F,0xFFFFF5F2,vibrant,High energy; use accent once per screen
p07,Slate Mint,saas;admin;tools;productivity;b2b,0xFF3D5A6C,0xFF72A1A0,0xFFE76F51,0xFFF3F6F7,tonalSpot,Cool neutral with mint secondary
p08,Midnight Citrus,music;nightlife;media;streaming;gaming,0xFFF2A900,0xFF3A86FF,0xFFEF476F,0xFF121316,expressive,Dark-first; citrus accent on near-black tinted surface
p09,Sage Paper,journal;notes;minimal;writing;calm,0xFF5C7457,0xFF8A8F7A,0xFFB86B4B,0xFFF5F5EF,monochrome,Quiet; relies on type and spacing
p10,Ocean Navy,banking;insurance;corporate;trust;enterprise,0xFF0B3C5D,0xFF328CC1,0xFFD9B310,0xFFF2F5F8,tonalSpot,Trust navy; gold only for highlights
p11,Berry Dusk,beauty;fashion;wellness;luxury;editorial,0xFF8E2A5B,0xFFB07A8F,0xFF3E7C6B,0xFFFAF3F6,fidelity,Berry not purple; green balances
p12,Solar Orange,delivery;logistics;food;commerce;marketplace,0xFFE36414,0xFF9A3B0B,0xFF0F4C5C,0xFFFFF6EF,vibrant,Appetite orange with deep teal anchor
p13,Arctic Blue,weather;travel;aviation;clean;utility,0xFF1D6FA5,0xFF6FA8C7,0xFFF0A04B,0xFFF2F7FB,tonalSpot,Crisp blue; sunrise tertiary
p14,Moss Charcoal,outdoors;maps;adventure;hiking;sports,0xFF4A5D3A,0xFF7A7F6A,0xFFD66A3A,0xFFF2F3EE,fidelity,Field-guide feel
p15,Lilac Ash,kids;education;creative;soft;family,0xFF7B6CB0,0xFFA7A0C9,0xFFF2A65A,0xFFF7F5FB,vibrant,Soft violet is acceptable when chosen; orange playful tertiary
p16,Brick Ledger,accounting;finance;docs;serious;legal,0xFF8B3A2F,0xFF5E5E5E,0xFF2F6F73,0xFFF6F2F0,tonalSpot,Serious brick red; low chroma neutrals
p17,Aqua Neon,crypto;tech;futuristic;ai;developer,0xFF00A8A8,0xFF3D5AFE,0xFFFF6B6B,0xFF0E1517,expressive,Dark tech with controlled aqua; avoid gradients
p18,Rose Quartz,health;femtech;care;gentle;baby,0xFFC0566B,0xFFD9A5A5,0xFF6B8E7F,0xFFFDF5F6,fidelity,Warm rose; sage balance
p19,Forest Gold,finance;luxury;heritage;wealth,0xFF1F4D3A,0xFFB59A5B,0xFF7A2E2E,0xFFF4F4EE,tonalSpot,Forest and brass; use sparingly
p20,Sky Lemon,productivity;todo;planner;friendly,0xFF2D7FF9,0xFFF6C945,0xFF37B67E,0xFFF4F8FE,vibrant,Friendly blue with lemon highlight
p21,Charcoal Rust,automotive;industrial;tools;rugged,0xFF3A3A3C,0xFFB4532A,0xFF6E7F80,0xFFF3F3F2,tonalSpot,Industrial neutrals with rust
p22,Plum Ink,podcast;audio;culture;arts;literature,0xFF4B2E5E,0xFFA0658C,0xFFE0A458,0xFFF6F2F7,fidelity,Deep plum with ochre
p23,Seafoam Coral,travel;beach;holiday;leisure,0xFF2AA198,0xFFF4845F,0xFFF7D488,0xFFF1FAF8,vibrant,Sunny coastal
p24,Stone Blue,real-estate;home;interior;calm,0xFF4F6D7A,0xFFC0D6DF,0xFFDBA159,0xFFF4F6F7,monochrome,Muted architecture palette
p25,Crimson Clean,news;sports;alerts;emergency,0xFFC62828,0xFF424242,0xFF1565C0,0xFFFAF4F4,tonalSpot,Red used for urgency only; ensure error role distinct
p26,Olive Cream,coffee;bakery;organic;grocery,0xFF6B7A2F,0xFFA67C52,0xFFD4A24C,0xFFF8F6EC,fidelity,Pantry palette
p27,Electric Ultramarine,fintech;consumer;bold;youth;neo-bank,0xFF2740F5,0xFF9AA5FF,0xFFFFD23F,0xFFF5F6FF,vibrant,Saturated blue not violet; yellow micro accents
p28,Pine Mist,meditation;sleep;nature;ambient,0xFF3C6E71,0xFF8AA29E,0xFFB8C4BB,0xFF0F1B1D,monochrome,Low-contrast ambient dark; verify text 4.5:1
p29,Saffron Spice,food;regional;culture;festive,0xFFE08A00,0xFF9C2F2F,0xFF2E6F55,0xFFFFF7E8,vibrant,Saffron warmth with chili and leaf
p30,Mono Bone,portfolio;editorial;brutalist;minimal,0xFF111111,0xFF6B6B6B,0xFFFF4D2E,0xFFF1EFEA,monochrome,Near-black on bone with one signal orange
